t_ms,rawX,rawY,rawZ,rawG,sixX,sixY,sixZ,sixG,calX,calY,calZ,calG,calByte,zeroRef
7,513,500,383,500,510,500,383,500,512,502,399,512,0,512
16,513,500,383,500,510,500,383,500,512,502,399,512,0,512
26,513,500,383,500,510,500,383,500,512,502,399,512,0,512
36,513,500,383,500,510,500,383,500,512,502,399,512,0,512
46,513,499,383,500,510,499,383,500,512,501,399,512,0,512
56,513,499,383,500,510,499,383,500,512,501,399,512,0,512
66,513,500,383,500,510,500,383,500,512,502,399,512,0,512
76,513,500,383,500,510,500,383,500,512,502,399,512,0,512
86,513,501,383,500,510,501,383,500,512,503,399,512,0,512
96,513,501,383,500,510,501,383,500,512,503,399,512,0,512
106,513,500,383,500,510,500,383,500,512,502,399,512,0,512
116,513,500,383,500,510,500,383,500,512,502,399,512,0,512
126,513,501,383,500,510,501,383,500,512,503,399,512,0,512
136,513,501,383,500,510,501,383,500,512,503,399,512,0,512
146,513,500,383,500,510,500,383,500,512,502,399,512,0,512
156,513,500,383,500,510,500,383,500,512,502,399,512,0,512
166,513,500,383,500,510,500,383,500,512,502,399,512,0,512
176,513,500,383,500,510,500,383,500,512,502,399,512,0,512
186,513,500,383,500,510,500,383,500,512,502,399,512,0,512
196,513,500,383,500,510,500,383,500,512,502,399,512,0,512
206,513,500,383,500,510,500,383,500,512,502,399,512,0,512
216,513,500,383,500,510,500,383,500,512,502,399,512,0,512
226,513,500,383,500,510,500,383,500,512,502,399,512,0,512
236,513,500,383,500,510,500,383,500,512,502,399,512,0,512
246,513,500,383,500,510,500,383,500,512,502,399,512,0,512
256,513,500,383,500,510,500,383,500,512,502,399,512,0,512
266,513,500,383,500,510,500,383,500,512,502,399,512,0,512
276,513,500,383,500,510,500,383,500,512,502,399,512,0,512
286,513,500,383,500,510,500,383,500,512,502,399,512,0,512
296,513,500,383,500,510,500,383,500,512,502,399,512,0,512
306,513,501,382,500,510,501,382,500,512,503,398,512,0,512
316,513,501,382,500,510,501,382,500,512,503,398,512,0,512
327,513,500,383,500,510,500,383,500,512,502,399,524,0,512
336,513,500,383,500,510,500,383,500,512,502,399,524,0,512
346,513,500,383,500,510,500,383,500,512,502,399,524,0,512
356,513,500,383,500,510,500,383,500,512,502,399,524,0,512
366,514,500,383,500,509,500,383,500,513,502,399,524,0,512
376,514,500,383,500,509,500,383,500,513,502,399,524,0,512
386,513,500,383,500,510,500,383,500,512,502,399,524,0,512
396,513,500,383,500,510,500,383,500,512,502,399,524,0,512
406,513,500,383,500,510,500,383,500,512,502,399,524,0,512
416,513,500,383,500,510,500,383,500,512,502,399,524,0,512
426,513,500,383,500,510,500,383,500,512,502,399,524,0,512
436,513,500,383,500,510,500,383,500,512,502,399,524,0,512
446,513,500,383,500,510,500,383,500,512,502,399,524,0,512
456,513,500,383,500,510,500,383,500,512,502,399,524,0,512
466,513,500,383,500,510,500,383,500,512,502,399,524,0,512
477,513,500,383,500,510,500,383,500,512,502,399,524,0,512
486,513,500,383,500,510,500,383,500,512,502,399,524,0,512
496,513,500,383,500,510,500,383,500,512,502,399,524,0,512
506,513,500,383,500,510,500,383,500,512,502,399,524,0,512
516,513,500,383,500,510,500,383,500,512,502,399,524,0,512
526,513,500,382,500,510,500,382,500,512,502,398,524,0,512
536,513,500,382,500,510,500,382,500,512,502,398,524,0,512
546,513,501,383,500,510,501,383,500,512,503,399,524,0,512
556,513,501,383,500,510,501,383,500,512,503,399,524,0,512
566,513,499,383,500,510,499,383,500,512,501,399,524,0,512
576,513,499,383,500,510,499,383,500,512,501,399,524,0,512
586,513,500,383,500,510,500,383,500,512,502,399,524,0,512
596,513,500,383,500,510,500,383,500,512,502,399,524,0,512
606,513,500,383,500,510,500,383,500,512,502,399,524,0,512
616,513,500,383,500,510,500,383,500,512,502,399,524,0,512
626,513,500,383,500,510,500,383,500,512,502,399,524,0,512
636,513,500,383,500,510,500,383,500,512,502,399,524,0,512
646,513,500,383,500,510,500,383,500,512,502,399,524,0,512
656,513,500,383,500,510,500,383,500,512,502,399,524,0,512
666,514,500,384,500,509,500,384,500,513,502,399,524,0,512
676,514,500,384,500,509,500,384,500,513,502,399,524,0,512
686,513,500,383,500,510,500,383,500,512,502,399,524,0,512
696,513,500,383,500,510,500,383,500,512,502,399,524,0,512
706,513,500,383,500,510,500,383,500,512,502,399,524,0,512
716,513,500,383,500,510,500,383,500,512,502,399,524,0,512
726,513,500,382,500,510,500,382,500,512,502,398,524,0,512
736,513,500,382,500,510,500,382,500,512,502,398,524,0,512
746,513,500,383,500,510,500,383,500,512,502,399,524,0,512
756,513,500,383,500,510,500,383,500,512,502,399,524,0,512
766,513,500,382,500,510,500,382,500,512,502,398,524,0,512
776,513,500,382,500,510,500,382,500,512,502,398,524,0,512
786,513,500,382,500,510,500,382,500,512,502,398,524,0,512
796,513,500,382,500,510,500,382,500,512,502,398,524,0,512
806,513,501,383,500,510,501,383,500,512,503,399,524,0,512
816,513,501,383,500,510,501,383,500,512,503,399,524,0,512
826,513,501,383,500,510,501,383,500,512,503,399,524,0,512
836,513,501,383,500,510,501,383,500,512,503,399,524,0,512
846,513,500,383,500,510,500,383,500,512,502,399,524,0,512
856,513,500,383,500,510,500,383,500,512,502,399,524,0,512
866,513,500,383,500,510,500,383,500,512,502,399,524,0,512
876,513,500,383,500,510,500,383,500,512,502,399,524,0,512
886,513,500,382,500,510,500,382,500,512,502,398,524,0,512
896,513,500,382,500,510,500,382,500,512,502,398,524,0,512
906,513,501,383,500,510,501,383,500,512,503,399,524,0,512
916,513,501,383,500,510,501,383,500,512,503,399,524,0,512
926,513,500,383,500,510,500,383,500,512,502,399,524,0,512
936,513,500,383,500,510,500,383,500,512,502,399,524,0,512
946,514,500,383,500,509,500,383,500,513,502,399,524,0,512
957,514,500,383,500,509,500,383,500,513,502,399,524,0,500
966,513,499,383,500,510,499,383,500,512,501,399,512,0,500
976,513,499,383,500,510,499,383,500,512,501,399,512,0,500
986,513,500,383,500,510,500,383,500,512,502,399,512,0,500
996,513,500,383,500,510,500,383,500,512,502,399,512,0,500
1006,513,500,383,500,510,500,383,500,512,502,399,512,0,500
1016,513,500,383,500,510,500,383,500,512,502,399,512,0,500
1026,513,499,383,500,510,499,383,500,512,501,399,512,0,500
1036,513,499,383,500,510,499,383,500,512,501,399,512,0,500
1046,513,501,383,500,510,501,383,500,512,503,399,512,0,500
1056,513,501,383,500,510,501,383,500,512,503,399,512,0,500
1066,513,500,383,500,510,500,383,500,512,502,399,512,0,500
1076,513,500,383,500,510,500,383,500,512,502,399,512,0,500
1086,513,500,383,500,510,500,383,500,512,502,399,512,0,500
1096,513,500,383,500,510,500,383,500,512,502,399,512,0,500
1106,513,500,383,500,510,500,383,500,512,502,399,512,0,500
1116,513,500,383,500,510,500,383,500,512,502,399,512,0,500
1126,514,500,383,500,509,500,383,500,513,502,399,512,0,500
1136,514,500,383,500,509,500,383,500,513,502,399,512,0,500
1146,514,500,383,500,509,500,383,500,513,502,399,512,0,500
1156,514,500,383,500,509,500,383,500,513,502,399,512,0,500
1166,513,499,382,500,510,499,382,500,512,501,398,512,0,500
1176,513,499,382,500,510,499,382,500,512,501,398,512,0,500
1186,514,500,383,500,509,500,383,500,513,502,399,512,0,500
1196,514,500,383,500,509,500,383,500,513,502,399,512,0,500
1206,514,500,383,500,509,500,383,500,513,502,399,512,0,500
1216,514,500,383,500,509,500,383,500,513,502,399,512,0,500
1226,513,500,383,500,510,500,383,500,512,502,399,512,0,500
1236,513,500,383,500,510,500,383,500,512,502,399,512,0,500
1246,514,500,383,500,509,500,383,500,513,502,399,512,0,500
1256,514,500,383,500,509,500,383,500,513,502,399,512,0,500
1266,513,500,383,500,510,500,383,500,512,502,399,512,0,500
1276,513,500,383,500,510,500,383,500,512,502,399,512,0,500
1286,513,500,382,500,510,500,382,500,512,502,398,512,0,500
1296,513,500,382,500,510,500,382,500,512,502,398,512,0,500
1306,513,500,383,500,510,500,383,500,512,502,399,512,0,500
1316,513,500,383,500,510,500,383,500,512,502,399,512,0,500
1326,513,500,382,500,510,500,382,500,512,502,398,512,0,500
1336,513,500,382,500,510,500,382,500,512,502,398,512,0,500
1346,513,500,383,500,510,500,383,500,512,502,399,512,0,500
1356,513,500,383,500,510,500,383,500,512,502,399,512,0,500
1366,512,500,383,500,511,500,383,500,512,502,399,512,0,500
1376,512,500,383,500,511,500,383,500,512,502,399,512,0,500
1386,513,500,383,500,510,500,383,500,512,502,399,512,0,500
1396,513,500,383,500,510,500,383,500,512,502,399,512,0,500
1406,513,500,383,500,510,500,383,500,512,502,399,512,0,500
1416,513,500,383,500,510,500,383,500,512,502,399,512,0,500
1426,513,500,383,500,510,500,383,500,512,502,399,512,0,500
1436,513,500,383,500,510,500,383,500,512,502,399,512,0,500
1447,513,500,383,500,510,500,383,500,512,502,399,512,0,500
1456,513,500,383,500,510,500,383,500,512,502,399,512,0,500
1466,513,500,384,500,510,500,384,500,512,502,399,512,0,500
1476,513,500,384,500,510,500,384,500,512,502,399,512,0,500
1486,513,500,383,500,510,500,383,500,512,502,399,512,0,500
1496,513,500,383,500,510,500,383,500,512,502,399,512,0,500
1506,513,501,382,500,510,501,382,500,512,503,398,512,0,500
1516,513,501,382,500,510,501,382,500,512,503,398,512,0,500
1526,513,500,382,500,510,500,382,500,512,502,398,512,0,500
1536,513,500,382,500,510,500,382,500,512,502,398,512,0,500
1546,514,500,383,500,509,500,383,500,513,502,399,512,0,500
1556,514,500,383,500,509,500,383,500,513,502,399,512,0,500
1566,513,500,383,500,510,500,383,500,512,502,399,512,0,500
1576,513,500,383,500,510,500,383,500,512,502,399,512,0,500
1586,513,500,383,500,510,500,383,500,512,502,399,512,0,500
1596,513,500,383,500,510,500,383,500,512,502,399,512,0,500
1606,514,500,383,500,509,500,383,500,513,502,399,512,0,500
1616,514,500,383,500,509,500,383,500,513,502,399,512,0,500
1626,513,500,383,500,510,500,383,500,512,502,399,512,0,500
1636,513,500,383,500,510,500,383,500,512,502,399,512,0,500
1646,513,500,383,500,510,500,383,500,512,502,399,512,0,500
1656,513,500,383,500,510,500,383,500,512,502,399,512,0,500
1666,513,500,383,500,510,500,383,500,512,502,399,512,0,500
1676,513,500,383,500,510,500,383,500,512,502,399,512,0,500
1686,513,500,383,500,510,500,383,500,512,502,399,512,0,500
1696,513,500,383,500,510,500,383,500,512,502,399,512,0,500
1706,513,500,383,500,510,500,383,500,512,502,399,512,0,500
1716,513,500,383,500,510,500,383,500,512,502,399,512,0,500
1726,513,500,383,500,510,500,383,500,512,502,399,512,0,500
1736,513,500,383,500,510,500,383,500,512,502,399,512,0,500
1746,513,501,383,500,510,501,383,500,512,503,399,512,0,500
1756,513,501,383,500,510,501,383,500,512,503,399,512,0,500
1766,513,500,382,500,510,500,382,500,512,502,398,512,0,500
1776,513,500,382,500,510,500,382,500,512,502,398,512,0,500
1786,514,500,383,500,509,500,383,500,513,502,399,512,0,500
1796,514,500,383,500,509,500,383,500,513,502,399,512,0,500
1806,513,500,383,500,510,500,383,500,512,502,399,512,0,500
1816,513,500,383,500,510,500,383,500,512,502,399,512,0,500
1826,513,500,383,500,510,500,383,500,512,502,399,512,0,500
1836,513,500,383,500,510,500,383,500,512,502,399,512,0,500
1846,513,500,383,500,510,500,383,500,512,502,399,512,0,500
1856,513,500,383,500,510,500,383,500,512,502,399,512,0,500
1866,513,500,383,500,510,500,383,500,512,502,399,512,0,500
1876,513,500,383,500,510,500,383,500,512,502,399,512,0,500
1886,513,500,382,500,510,500,382,500,512,502,398,512,0,500
1896,513,500,382,500,510,500,382,500,512,502,398,512,0,500
1906,513,500,382,500,510,500,382,500,512,502,398,512,0,500
1916,513,500,382,500,510,500,382,500,512,502,398,512,0,500
1926,513,500,383,500,510,500,383,500,512,502,399,512,0,500
1936,513,500,383,500,510,500,383,500,512,502,399,512,0,500
1946,514,500,383,500,509,500,383,500,513,502,399,512,0,500
1956,514,500,383,500,509,500,383,500,513,502,399,512,0,500
1966,513,500,383,500,510,500,383,500,512,502,399,512,0,500
1976,513,500,383,500,510,500,383,500,512,502,399,512,0,500
1986,513,500,384,500,510,500,384,500,512,502,399,512,0,500
1996,513,500,384,500,510,500,384,500,512,502,399,512,0,500
2006,514,500,383,500,509,500,383,500,513,502,399,512,0,500
2016,514,500,383,500,509,500,383,500,513,502,399,512,0,500
2026,513,500,383,500,510,500,383,500,512,502,399,512,0,500
2036,513,500,383,500,510,500,383,500,512,502,399,512,0,500
2046,513,500,383,500,510,500,383,500,512,502,399,512,0,500
2056,513,500,383,500,510,500,383,500,512,502,399,512,0,500
2066,513,500,383,500,510,500,383,500,512,502,399,512,0,500
2076,513,500,383,500,510,500,383,500,512,502,399,512,0,500
2086,513,500,382,500,510,500,382,500,512,502,398,512,0,500
2096,513,500,382,500,510,500,382,500,512,502,398,512,0,500
2106,512,501,383,500,511,501,383,500,512,503,399,512,0,500
2116,512,501,383,500,511,501,383,500,512,503,399,512,0,500
2126,513,500,383,500,510,500,383,500,512,502,399,512,0,500
2136,513,500,383,500,510,500,383,500,512,502,399,512,0,500
2146,513,499,383,500,510,499,383,500,512,501,399,512,0,500
2156,513,499,383,500,510,499,383,500,512,501,399,512,0,500
2166,513,500,383,500,510,500,383,500,512,502,399,512,0,500
2176,513,500,383,500,510,500,383,500,512,502,399,512,0,500
2186,514,500,382,500,509,500,382,500,513,502,398,512,0,500
2196,514,500,382,500,509,500,382,500,513,502,398,512,0,500
2206,512,501,383,500,511,501,383,500,512,503,399,512,0,500
2216,512,501,383,500,511,501,383,500,512,503,399,512,0,500
2226,514,500,383,500,509,500,383,500,513,502,399,512,0,500
2236,514,500,383,500,509,500,383,500,513,502,399,512,0,500
2246,513,500,383,500,510,500,383,500,512,502,399,512,0,500
2256,513,500,383,500,510,500,383,500,512,502,399,512,0,500
2266,514,500,383,500,509,500,383,500,513,502,399,512,0,500
2276,514,500,383,500,509,500,383,500,513,502,399,512,0,500
2286,513,500,382,500,510,500,382,500,512,502,398,512,0,500
2296,513,500,382,500,510,500,382,500,512,502,398,512,0,500
2306,513,500,383,500,510,500,383,500,512,502,399,512,0,500
2316,513,500,383,500,510,500,383,500,512,502,399,512,0,500
2326,513,500,382,500,510,500,382,500,512,502,398,512,0,500
2336,513,500,382,500,510,500,382,500,512,502,398,512,0,500
2346,513,499,382,500,510,499,382,500,512,501,398,512,0,500
2356,513,499,382,500,510,499,382,500,512,501,398,512,0,500
2366,513,500,383,500,510,500,383,500,512,502,399,512,0,500
2376,513,500,383,500,510,500,383,500,512,502,399,512,0,500
2386,513,500,383,500,510,500,383,500,512,502,399,512,0,500
2396,513,500,383,500,510,500,383,500,512,502,399,512,0,500
2406,513,500,383,500,510,500,383,500,512,502,399,512,0,500
2416,513,500,383,500,510,500,383,500,512,502,399,512,0,500
2426,513,500,383,500,510,500,383,500,512,502,399,512,0,500
2436,513,500,383,500,510,500,383,500,512,502,399,512,0,500
2446,514,500,383,500,509,500,383,500,513,502,399,512,0,500
2456,514,500,383,500,509,500,383,500,513,502,399,512,0,500
2466,513,499,383,500,510,499,383,500,512,501,399,512,0,500
2476,513,499,383,500,510,499,383,500,512,501,399,512,0,500
2486,513,500,383,500,510,500,383,500,512,502,399,512,0,500
2496,513,500,383,500,510,500,383,500,512,502,399,512,0,500
2506,513,500,382,500,510,500,382,500,512,502,398,512,0,500
2516,513,500,382,500,510,500,382,500,512,502,398,512,0,500
2526,513,500,382,500,510,500,382,500,512,502,398,512,0,500
2536,513,500,382,500,510,500,382,500,512,502,398,512,0,500
2546,513,500,383,500,510,500,383,500,512,502,399,512,0,500
2556,513,500,383,500,510,500,383,500,512,502,399,512,0,500
2566,513,500,383,500,510,500,383,500,512,502,399,512,0,500
2576,513,500,383,500,510,500,383,500,512,502,399,512,0,500
2586,513,500,383,500,510,500,383,500,512,502,399,512,0,500
2596,513,500,383,500,510,500,383,500,512,502,399,512,0,500
2606,513,500,382,500,510,500,382,500,512,502,398,512,0,500
2616,513,500,382,500,510,500,382,500,512,502,398,512,0,500
2626,513,500,383,500,510,500,383,500,512,502,399,512,0,500
2636,513,500,383,500,510,500,383,500,512,502,399,512,0,500
2646,513,500,383,500,510,500,383,500,512,502,399,512,0,500
2656,513,500,383,500,510,500,383,500,512,502,399,512,0,500
2666,514,500,383,500,509,500,383,500,513,502,399,512,0,500
2676,514,500,383,500,509,500,383,500,513,502,399,512,0,500
2686,513,501,383,500,510,501,383,500,512,503,399,512,0,500
2696,513,501,383,500,510,501,383,500,512,503,399,512,0,500
2706,514,500,383,500,509,500,383,500,513,502,399,512,0,500
2716,514,500,383,500,509,500,383,500,513,502,399,512,0,500
2726,513,500,383,500,510,500,383,500,512,502,399,512,0,500
2736,513,500,383,500,510,500,383,500,512,502,399,512,0,500
2746,514,501,384,500,509,501,384,500,513,503,399,512,0,500
2756,514,501,384,500,509,501,384,500,513,503,399,512,0,500
2766,513,501,383,500,510,501,383,500,512,503,399,512,0,500
2776,513,501,383,500,510,501,383,500,512,503,399,512,0,500
2786,513,500,383,500,510,500,383,500,512,502,399,512,0,500
2796,513,500,383,500,510,500,383,500,512,502,399,512,0,500
2806,514,500,383,500,509,500,383,500,513,502,399,512,0,500
2816,514,500,383,500,509,500,383,500,513,502,399,512,0,500
2826,513,500,382,500,510,500,382,500,512,502,398,512,0,500
2836,513,500,382,500,510,500,382,500,512,502,398,512,0,500
2846,513,499,383,500,510,499,383,500,512,501,399,512,0,500
2856,513,499,383,500,510,499,383,500,512,501,399,512,0,500
2866,513,499,383,500,510,499,383,500,512,501,399,512,0,500
2876,513,499,383,500,510,499,383,500,512,501,399,512,0,500
2886,513,501,383,500,510,501,383,500,512,503,399,512,0,500
2896,513,501,383,500,510,501,383,500,512,503,399,512,0,500
2906,513,500,382,500,510,500,382,500,512,502,398,512,0,500
2916,513,500,382,500,510,500,382,500,512,502,398,512,0,500
2926,513,500,383,500,510,500,383,500,512,502,399,512,0,500
2936,513,500,383,500,510,500,383,500,512,502,399,512,0,500
2946,513,500,383,500,510,500,383,500,512,502,399,512,0,500
2956,513,500,383,500,510,500,383,500,512,502,399,512,0,500
2966,513,500,382,500,510,500,382,500,512,502,398,512,0,500
2976,513,500,382,500,510,500,382,500,512,502,398,512,0,500
2986,513,500,383,500,510,500,383,500,512,502,399,512,0,500
2996,513,500,383,500,510,500,383,500,512,502,399,512,0,500
3006,513,500,383,500,510,500,383,500,512,502,399,512,0,500
3016,513,500,383,500,510,500,383,500,512,502,399,512,0,500
3026,513,500,382,500,510,500,382,500,512,502,398,512,0,500
3036,513,500,382,500,510,500,382,500,512,502,398,512,0,500
3046,513,500,383,500,510,500,383,500,512,502,399,512,0,500
3056,513,500,383,500,510,500,383,500,512,502,399,512,0,500
3066,514,500,383,500,509,500,383,500,513,502,399,512,0,500
3076,514,500,383,500,509,500,383,500,513,502,399,512,0,500
3086,514,500,383,500,509,500,383,500,513,502,399,512,0,500
3096,514,500,383,500,509,500,383,500,513,502,399,512,0,500
3106,514,500,383,500,509,500,383,500,513,502,399,512,0,500
3116,514,500,383,500,509,500,383,500,513,502,399,512,0,500
3126,513,501,383,500,510,501,383,500,512,503,399,512,0,500
3136,513,501,383,500,510,501,383,500,512,503,399,512,0,500
3146,513,500,383,500,510,500,383,500,512,502,399,512,0,500
3156,513,500,383,500,510,500,383,500,512,502,399,512,0,500
3166,513,500,383,500,510,500,383,500,512,502,399,512,0,500
3176,513,500,383,500,510,500,383,500,512,502,399,512,0,500
3186,513,500,383,500,510,500,383,500,512,502,399,512,0,500
3196,513,500,383,500,510,500,383,500,512,502,399,512,0,500
3206,513,501,383,500,510,501,383,500,512,503,399,512,0,500
3216,513,501,383,500,510,501,383,500,512,503,399,512,0,500
3226,513,499,383,500,510,499,383,500,512,501,399,512,0,500
3236,513,499,383,500,510,499,383,500,512,501,399,512,0,500
3246,513,500,383,500,510,500,383,500,512,502,399,512,0,500
3256,513,500,383,500,510,500,383,500,512,502,399,512,0,500
3266,513,500,383,500,510,500,383,500,512,502,399,512,0,500
3276,513,500,383,500,510,500,383,500,512,502,399,512,0,500
3286,512,500,382,500,511,500,382,500,512,502,398,512,0,500
3296,512,500,382,500,511,500,382,500,512,502,398,512,0,500
3306,513,500,383,500,510,500,383,500,512,502,399,512,0,500
3316,513,500,383,500,510,500,383,500,512,502,399,512,0,500
3326,513,499,383,500,510,499,383,500,512,501,399,512,0,500
3336,513,499,383,500,510,499,383,500,512,501,399,512,0,500
3346,513,500,383,500,510,500,383,500,512,502,399,512,0,500
3356,513,500,383,500,510,500,383,500,512,502,399,512,0,500
3366,513,500,383,500,510,500,383,500,512,502,399,512,0,500
3376,513,500,383,500,510,500,383,500,512,502,399,512,0,500
3386,513,500,384,500,510,500,384,500,512,502,399,512,0,500
3396,513,500,384,500,510,500,384,500,512,502,399,512,0,500
3406,513,500,383,500,510,500,383,500,512,502,399,512,0,500
3416,513,500,383,500,510,500,383,500,512,502,399,512,0,500
3426,513,500,383,500,510,500,383,500,512,502,399,512,0,500
3436,513,500,383,500,510,500,383,500,512,502,399,512,0,500
3446,513,500,383,500,510,500,383,500,512,502,399,512,0,500
3456,513,500,383,500,510,500,383,500,512,502,399,512,0,500
3466,513,500,382,500,510,500,382,500,512,502,398,512,0,500
3476,513,500,382,500,510,500,382,500,512,502,398,512,0,500
3486,513,500,383,500,510,500,383,500,512,502,399,512,0,500
3496,513,500,383,500,510,500,383,500,512,502,399,512,0,500
3506,513,500,383,500,510,500,383,500,512,502,399,512,0,500
3516,513,500,383,500,510,500,383,500,512,502,399,512,0,500
3526,513,500,383,500,510,500,383,500,512,502,399,512,0,500
3536,513,500,383,500,510,500,383,500,512,502,399,512,0,500
3546,513,500,383,500,510,500,383,500,512,502,399,512,0,500
3556,513,500,383,500,510,500,383,500,512,502,399,512,0,500
3566,513,501,382,500,510,501,382,500,512,503,398,512,0,500
3576,513,501,382,500,510,501,382,500,512,503,398,512,0,500
3586,514,501,384,500,509,501,384,500,513,503,399,512,0,500
3596,514,501,384,500,509,501,384,500,513,503,399,512,0,500
3606,513,500,383,500,510,500,383,500,512,502,399,512,0,500
3616,513,500,383,500,510,500,383,500,512,502,399,512,0,500
3626,513,500,384,500,510,500,384,500,512,502,399,512,0,500
3636,513,500,384,500,510,500,384,500,512,502,399,512,0,500
3646,513,500,383,500,510,500,383,500,512,502,399,512,0,500
3656,513,500,383,500,510,500,383,500,512,502,399,512,0,500
3666,513,500,383,500,510,500,383,500,512,502,399,512,0,500
3676,513,500,383,500,510,500,383,500,512,502,399,512,0,500
3686,513,500,383,500,510,500,383,500,512,502,399,512,0,500
3696,513,500,383,500,510,500,383,500,512,502,399,512,0,500
3706,514,500,383,500,509,500,383,500,513,502,399,512,0,500
3716,514,500,383,500,509,500,383,500,513,502,399,512,0,500
3726,513,499,383,500,510,499,383,500,512,501,399,512,0,500
3736,513,499,383,500,510,499,383,500,512,501,399,512,0,500
3746,513,500,383,500,510,500,383,500,512,502,399,512,0,500
3756,513,500,383,500,510,500,383,500,512,502,399,512,0,500
3766,514,500,382,500,509,500,382,500,513,502,398,512,0,500
3776,514,500,382,500,509,500,382,500,513,502,398,512,0,500
3786,513,500,383,500,510,500,383,500,512,502,399,512,0,500
3796,513,500,383,500,510,500,383,500,512,502,399,512,0,500
3806,513,500,383,500,510,500,383,500,512,502,399,512,0,500
3816,513,500,383,500,510,500,383,500,512,502,399,512,0,500
3826,513,500,383,500,510,500,383,500,512,502,399,512,0,500
3836,513,500,383,500,510,500,383,500,512,502,399,512,0,500
3846,512,500,383,500,511,500,383,500,512,502,399,512,0,500
3856,512,500,383,500,511,500,383,500,512,502,399,512,0,500
3866,512,500,383,500,511,500,383,500,512,502,399,512,0,500
3876,512,500,383,500,511,500,383,500,512,502,399,512,0,500
3886,513,500,383,500,510,500,383,500,512,502,399,512,0,500
3896,513,500,383,500,510,500,383,500,512,502,399,512,0,500
3906,513,500,382,500,510,500,382,500,512,502,398,512,0,500
3916,513,500,382,500,510,500,382,500,512,502,398,512,0,500
3926,513,500,382,500,510,500,382,500,512,502,398,512,0,500
3936,512,499,383,500,511,499,383,500,512,501,399,512,0,500
3946,512,499,383,500,511,499,383,500,512,501,399,512,0,500
3956,513,500,382,500,510,500,382,500,512,502,398,512,0,500
3966,513,500,382,500,510,500,382,500,512,502,398,512,0,500
3976,514,500,383,500,509,500,383,500,513,502,399,512,0,500
3986,514,500,383,500,509,500,383,500,513,502,399,512,0,500
3996,514,500,383,500,509,500,383,500,513,502,399,512,0,500
4006,514,500,383,500,509,500,383,500,513,502,399,512,0,500
4016,513,500,382,500,510,500,382,500,512,502,398,512,0,500
4026,513,500,382,500,510,500,382,500,512,502,398,512,0,500
4036,513,500,383,500,510,500,383,500,512,502,399,512,0,500
4046,513,500,383,500,510,500,383,500,512,502,399,512,0,500
4056,513,499,383,500,510,499,383,500,512,501,399,512,0,500
4066,513,499,383,500,510,499,383,500,512,501,399,512,0,500
4076,513,500,383,500,510,500,383,500,512,502,399,512,0,500
4086,513,500,383,500,510,500,383,500,512,502,399,512,0,500
4096,513,500,382,500,510,500,382,500,512,502,398,512,0,500
4106,513,500,382,500,510,500,382,500,512,502,398,512,0,500
4116,513,500,382,500,510,500,382,500,512,502,398,512,0,500
4126,513,500,382,500,510,500,382,500,512,502,398,512,0,500
4136,514,500,383,500,509,500,383,500,513,502,399,512,0,500
4146,514,500,383,500,509,500,383,500,513,502,399,512,0,500
4156,513,500,383,500,510,500,383,500,512,502,399,512,0,500
4166,513,500,383,500,510,500,383,500,512,502,399,512,0,500
4176,513,500,383,500,510,500,383,500,512,502,399,512,0,500
4186,513,500,383,500,510,500,383,500,512,502,399,512,0,500
4196,513,500,382,500,510,500,382,500,512,502,398,512,0,500
4206,513,500,382,500,510,500,382,500,512,502,398,512,0,500
4216,513,500,383,500,510,500,383,500,512,502,399,512,0,500
4226,513,500,383,500,510,500,383,500,512,502,399,512,0,500
4236,513,500,383,500,510,500,383,500,512,502,399,512,0,500
4246,513,500,383,500,510,500,383,500,512,502,399,512,0,500
4256,513,500,382,500,510,500,382,500,512,502,398,512,0,500
4266,513,500,382,500,510,500,382,500,512,502,398,512,0,500
4276,513,500,383,500,510,500,383,500,512,502,399,512,0,500
4286,513,500,383,500,510,500,383,500,512,502,399,512,0,500
4296,513,500,383,500,510,500,383,500,512,502,399,512,0,500
4306,513,500,383,500,510,500,383,500,512,502,399,512,0,500
4316,513,500,383,500,510,500,383,500,512,502,399,512,0,500
4326,513,500,383,500,510,500,383,500,512,502,399,512,0,500
4336,514,500,383,500,509,500,383,500,513,502,399,512,0,500
4346,514,500,383,500,509,500,383,500,513,502,399,512,0,500
4356,513,500,383,500,510,500,383,500,512,502,399,512,0,500
4366,513,500,383,500,510,500,383,500,512,502,399,512,0,500
4376,514,500,382,500,509,500,382,500,513,502,398,512,0,500
4386,514,500,382,500,509,500,382,500,513,502,398,512,0,500
4396,513,500,383,500,510,500,383,500,512,502,399,512,0,500
4406,513,500,383,500,510,500,383,500,512,502,399,512,0,500
4416,513,499,383,500,510,499,383,500,512,501,399,512,0,500
4426,513,499,383,500,510,499,383,500,512,501,399,512,0,500
4436,513,500,383,500,510,500,383,500,512,502,399,512,0,500
4446,513,500,383,500,510,500,383,500,512,502,399,512,0,500
4456,514,500,383,500,509,500,383,500,513,502,399,512,0,500
4466,514,500,383,500,509,500,383,500,513,502,399,512,0,500
4476,512,499,383,500,511,499,383,500,512,501,399,512,0,500
4486,512,499,383,500,511,499,383,500,512,501,399,512,0,500
4496,512,500,383,500,511,500,383,500,512,502,399,512,0,500
4506,512,500,383,500,511,500,383,500,512,502,399,512,0,500
4516,513,500,383,500,510,500,383,500,512,502,399,512,0,500
4526,513,500,383,500,510,500,383,500,512,502,399,512,0,500
4536,513,500,383,500,510,500,383,500,512,502,399,512,0,500
4546,513,500,383,500,510,500,383,500,512,502,399,512,0,500
4556,513,500,383,500,510,500,383,500,512,502,399,512,0,500
4566,513,500,383,500,510,500,383,500,512,502,399,512,0,500
4576,513,500,382,500,510,500,382,500,512,502,398,512,0,500
4586,513,500,382,500,510,500,382,500,512,502,398,512,0,500
4596,512,500,383,500,511,500,383,500,512,502,399,512,0,500
4606,512,500,383,500,511,500,383,500,512,502,399,512,0,500
4616,513,499,383,500,510,499,383,500,512,501,399,512,0,500
4626,513,499,383,500,510,499,383,500,512,501,399,512,0,500
4636,512,500,383,500,511,500,383,500,512,502,399,512,0,500
4646,512,500,383,500,511,500,383,500,512,502,399,512,0,500
4656,513,500,383,500,510,500,383,500,512,502,399,512,0,500
4666,513,500,383,500,510,500,383,500,512,502,399,512,0,500
4676,512,500,383,500,511,500,383,500,512,502,399,512,0,500
4686,512,500,383,500,511,500,383,500,512,502,399,512,0,500
4696,513,500,382,500,510,500,382,500,512,502,398,512,0,500
4706,513,500,382,500,510,500,382,500,512,502,398,512,0,500
4716,513,500,383,500,510,500,383,500,512,502,399,512,0,500
4726,513,500,383,500,510,500,383,500,512,502,399,512,0,500
4736,513,500,383,500,510,500,383,500,512,502,399,512,0,500
4746,513,500,383,500,510,500,383,500,512,502,399,512,0,500
4756,513,501,383,500,510,501,383,500,512,503,399,512,0,500
4766,513,501,383,500,510,501,383,500,512,503,399,512,0,500
4776,512,500,382,500,511,500,382,500,512,502,398,512,0,500
4786,512,500,382,500,511,500,382,500,512,502,398,512,0,500
4796,513,500,383,500,510,500,383,500,512,502,399,512,0,500
4806,513,500,383,500,510,500,383,500,512,502,399,512,0,500
4816,513,500,382,500,510,500,382,500,512,502,398,512,0,500
4826,513,500,382,500,510,500,382,500,512,502,398,512,0,500
4836,513,500,382,500,510,500,382,500,512,502,398,512,0,500
4846,513,500,382,500,510,500,382,500,512,502,398,512,0,500
4856,514,500,383,500,509,500,383,500,513,502,399,512,0,500
4866,514,500,383,500,509,500,383,500,513,502,399,512,0,500
4876,513,500,383,500,510,500,383,500,512,502,399,512,0,500
4886,513,500,383,500,510,500,383,500,512,502,399,512,0,500
4896,513,501,384,500,510,501,384,500,512,503,399,512,0,500
4906,513,501,384,500,510,501,384,500,512,503,399,512,0,500
4916,513,500,383,500,510,500,383,500,512,502,399,512,0,500
4926,513,500,383,500,510,500,383,500,512,502,399,512,0,500
4936,513,500,384,500,510,500,384,500,512,502,399,512,0,500
4946,513,500,384,500,510,500,384,500,512,502,399,512,0,500
4956,513,500,383,500,510,500,383,500,512,502,399,512,0,500
4966,513,500,383,500,510,500,383,500,512,502,399,512,0,500
4976,513,500,383,500,510,500,383,500,512,502,399,512,0,500
4986,513,500,383,500,510,500,383,500,512,502,399,512,0,500
4996,514,500,383,500,509,500,383,500,513,502,399,512,0,500
5006,514,500,383,500,509,500,383,500,513,502,399,512,0,500
5016,513,500,383,500,510,500,383,500,512,502,399,512,0,500
5026,513,500,383,500,510,500,383,500,512,502,399,512,0,500
5036,513,499,382,500,510,499,382,500,512,501,398,512,0,500
5046,513,499,382,500,510,499,382,500,512,501,398,512,0,500
5056,513,500,383,500,510,500,383,500,512,502,399,512,0,500
5066,513,500,383,500,510,500,383,500,512,502,399,512,0,500
5076,513,500,382,500,510,500,382,500,512,502,398,512,0,500
5086,513,500,382,500,510,500,382,500,512,502,398,512,0,500
5096,514,501,383,500,509,501,383,500,513,503,399,512,0,500
5106,514,501,383,500,509,501,383,500,513,503,399,512,0,500
5116,514,500,382,500,509,500,382,500,513,502,398,512,0,500
5126,514,500,382,500,509,500,382,500,513,502,398,512,0,500
5136,513,500,383,500,510,500,383,500,512,502,399,512,0,500
5146,513,500,383,500,510,500,383,500,512,502,399,512,0,500
5156,513,500,383,500,510,500,383,500,512,502,399,512,0,500
5166,513,500,383,500,510,500,383,500,512,502,399,512,0,500
5176,513,500,383,500,510,500,383,500,512,502,399,512,0,500
5186,513,500,383,500,510,500,383,500,512,502,399,512,0,500
5196,514,500,383,500,509,500,383,500,513,502,399,512,0,500
5206,514,500,383,500,509,500,383,500,513,502,399,512,0,500
5216,513,500,383,500,510,500,383,500,512,502,399,512,0,500
5226,513,500,383,500,510,500,383,500,512,502,399,512,0,500
5236,513,500,382,500,510,500,382,500,512,502,398,512,0,500
5246,513,500,382,500,510,500,382,500,512,502,398,512,0,500
5256,513,501,382,500,510,501,382,500,512,503,398,512,0,500
5266,513,501,382,500,510,501,382,500,512,503,398,512,0,500
5276,513,500,383,500,510,500,383,500,512,502,399,512,0,500
5286,513,500,383,500,510,500,383,500,512,502,399,512,0,500
5296,513,500,383,500,510,500,383,500,512,502,399,512,0,500
5306,513,500,383,500,510,500,383,500,512,502,399,512,0,500
5316,513,500,383,500,510,500,383,500,512,502,399,512,0,500
5326,513,500,383,500,510,500,383,500,512,502,399,512,0,500
5336,513,500,383,500,510,500,383,500,512,502,399,512,0,500
5346,513,500,383,500,510,500,383,500,512,502,399,512,0,500
5356,512,500,383,500,511,500,383,500,512,502,399,512,0,500
5366,512,500,383,500,511,500,383,500,512,502,399,512,0,500
5376,514,500,383,500,509,500,383,500,513,502,399,512,0,500
5386,514,500,383,500,509,500,383,500,513,502,399,512,0,500
5396,514,500,383,500,509,500,383,500,513,502,399,512,0,500
5406,514,500,383,500,509,500,383,500,513,502,399,512,0,500
5416,513,500,383,500,510,500,383,500,512,502,399,512,0,500
5426,513,500,383,500,510,500,383,500,512,502,399,512,0,500
5436,514,500,383,500,509,500,383,500,513,502,399,512,0,500
5446,514,500,383,500,509,500,383,500,513,502,399,512,0,500
5456,514,500,383,500,509,500,383,500,513,502,399,512,0,500
5466,514,500,383,500,509,500,383,500,513,502,399,512,0,500
5476,513,500,383,500,510,500,383,500,512,502,399,512,0,500
5486,513,500,383,500,510,500,383,500,512,502,399,512,0,500
5496,514,500,383,500,509,500,383,500,513,502,399,512,0,500
5506,514,500,383,500,509,500,383,500,513,502,399,512,0,500
5516,513,500,383,500,510,500,383,500,512,502,399,512,0,500
5526,513,500,383,500,510,500,383,500,512,502,399,512,0,500
5536,514,500,383,500,509,500,383,500,513,502,399,512,0,500
5546,514,500,383,500,509,500,383,500,513,502,399,512,0,500
5556,513,501,383,500,510,501,383,500,512,503,399,512,0,500
5566,513,501,383,500,510,501,383,500,512,503,399,512,0,500
5576,514,500,383,500,509,500,383,500,513,502,399,512,0,500
5586,514,500,383,500,509,500,383,500,513,502,399,512,0,500
5596,512,500,383,500,511,500,383,500,512,502,399,512,0,500
5606,512,500,383,500,511,500,383,500,512,502,399,512,0,500
5616,513,500,383,500,510,500,383,500,512,502,399,512,0,500
5626,513,500,383,500,510,500,383,500,512,502,399,512,0,500
5636,513,500,382,500,510,500,382,500,512,502,398,512,0,500
5646,513,500,382,500,510,500,382,500,512,502,398,512,0,500
5656,513,501,383,500,510,501,383,500,512,503,399,512,0,500
5666,513,501,383,500,510,501,383,500,512,503,399,512,0,500
5676,513,499,383,500,510,499,383,500,512,501,399,512,0,500
5686,513,499,383,500,510,499,383,500,512,501,399,512,0,500
5696,513,501,383,500,510,501,383,500,512,503,399,512,0,500
5706,513,501,383,500,510,501,383,500,512,503,399,512,0,500
5716,514,500,383,500,509,500,383,500,513,502,399,512,0,500
5726,514,500,383,500,509,500,383,500,513,502,399,512,0,500
5737,514,500,383,500,509,500,383,500,513,502,399,512,0,500
5746,514,500,383,500,509,500,383,500,513,502,399,512,0,500
5756,512,500,383,500,511,500,383,500,512,502,399,512,0,500
5766,512,500,383,500,511,500,383,500,512,502,399,512,0,500
5776,513,500,382,500,510,500,382,500,512,502,398,512,0,500
5786,513,500,382,500,510,500,382,500,512,502,398,512,0,500
5796,514,500,383,500,509,500,383,500,513,502,399,512,0,500
5806,514,500,383,500,509,500,383,500,513,502,399,512,0,500
5816,513,501,382,500,510,501,382,500,512,503,398,512,0,500
5826,513,501,382,500,510,501,382,500,512,503,398,512,0,500
5836,513,500,382,500,510,500,382,500,512,502,398,512,0,500
5846,513,500,382,500,510,500,382,500,512,502,398,512,0,500
5856,514,500,383,500,509,500,383,500,513,502,399,512,0,500
5866,514,500,383,500,509,500,383,500,513,502,399,512,0,500
5876,513,500,383,500,510,500,383,500,512,502,399,512,0,500
5886,513,500,383,500,510,500,383,500,512,502,399,512,0,500
5896,513,500,382,500,510,500,382,500,512,502,398,512,0,500
5906,513,500,382,500,510,500,382,500,512,502,398,512,0,500
5916,513,500,382,500,510,500,382,500,512,502,398,512,0,500
5926,513,500,382,500,510,500,382,500,512,502,398,512,0,500
5936,513,500,382,500,510,500,382,500,512,502,398,512,0,500
5946,513,500,382,500,510,500,382,500,512,502,398,512,0,500
5956,513,500,383,500,510,500,383,500,512,502,399,512,0,500
5966,513,500,383,500,510,500,383,500,512,502,399,512,0,500
5976,514,501,383,500,509,501,383,500,513,503,399,512,0,500
5986,514,501,383,500,509,501,383,500,513,503,399,512,0,500
5996,513,500,383,500,510,500,383,500,512,502,399,512,0,500
6006,513,500,383,500,510,500,383,500,512,502,399,512,0,500
6016,513,500,383,500,510,500,383,500,512,502,399,512,0,500
6026,513,500,383,500,510,500,383,500,512,502,399,512,0,500
6036,513,500,383,500,510,500,383,500,512,502,399,512,0,500
6046,513,500,383,500,510,500,383,500,512,502,399,512,0,500
6056,513,500,382,500,510,500,382,500,512,502,398,512,0,500
6066,513,500,382,500,510,500,382,500,512,502,398,512,0,500
6076,514,500,383,500,509,500,383,500,513,502,399,512,0,500
6086,514,500,383,500,509,500,383,500,513,502,399,512,0,500
6096,513,500,383,500,510,500,383,500,512,502,399,512,0,500
6106,513,500,383,500,510,500,383,500,512,502,399,512,0,500
6116,513,500,382,500,510,500,382,500,512,502,398,512,0,500
6126,513,500,382,500,510,500,382,500,512,502,398,512,0,500
6136,513,500,383,500,510,500,383,500,512,502,399,512,0,500
6146,513,500,383,500,510,500,383,500,512,502,399,512,0,500
6156,514,500,383,500,509,500,383,500,513,502,399,512,0,500
6166,514,500,383,500,509,500,383,500,513,502,399,512,0,500
6176,513,501,383,500,510,501,383,500,512,503,399,512,0,500
6186,513,501,383,500,510,501,383,500,512,503,399,512,0,500
6196,513,500,383,500,510,500,383,500,512,502,399,512,0,500
6206,513,500,383,500,510,500,383,500,512,502,399,512,0,500
6216,513,500,383,500,510,500,383,500,512,502,399,512,0,500
6226,513,500,383,500,510,500,383,500,512,502,399,512,0,500
6236,513,500,382,500,510,500,382,500,512,502,398,512,0,500
6246,513,500,382,500,510,500,382,500,512,502,398,512,0,500
6256,513,500,383,500,510,500,383,500,512,502,399,512,0,500
6266,513,500,383,500,510,500,383,500,512,502,399,512,0,500
6276,513,500,382,500,510,500,382,500,512,502,398,512,0,500
6286,513,500,382,500,510,500,382,500,512,502,398,512,0,500
6296,513,500,383,500,510,500,383,500,512,502,399,512,0,500
6306,513,500,383,500,510,500,383,500,512,502,399,512,0,500
6316,513,500,383,500,510,500,383,500,512,502,399,512,0,500
6326,513,500,383,500,510,500,383,500,512,502,399,512,0,500
6336,513,500,383,500,510,500,383,500,512,502,399,512,0,500
6346,513,500,383,500,510,500,383,500,512,502,399,512,0,500
6356,513,501,383,500,510,501,383,500,512,503,399,512,0,500
6366,513,501,383,500,510,501,383,500,512,503,399,512,0,500
6376,513,500,383,500,510,500,383,500,512,502,399,512,0,500
6386,513,500,383,500,510,500,383,500,512,502,399,512,0,500
6396,514,500,383,500,509,500,383,500,513,502,399,512,0,500
6406,514,500,383,500,509,500,383,500,513,502,399,512,0,500
6416,513,500,383,500,510,500,383,500,512,502,399,512,0,500
6426,513,500,383,500,510,500,383,500,512,502,399,512,0,500
6436,513,500,383,500,510,500,383,500,512,502,399,512,0,500
6446,513,500,383,500,510,500,383,500,512,502,399,512,0,500
6456,513,499,383,500,510,499,383,500,512,501,399,512,0,500
6466,513,499,383,500,510,499,383,500,512,501,399,512,0,500
6476,512,500,383,500,511,500,383,500,512,502,399,512,0,500
6486,512,500,383,500,511,500,383,500,512,502,399,512,0,500
6496,513,500,383,500,510,500,383,500,512,502,399,512,0,500
6506,513,500,383,500,510,500,383,500,512,502,399,512,0,500
6516,514,500,383,500,509,500,383,500,513,502,399,512,0,500
6526,514,500,383,500,509,500,383,500,513,502,399,512,0,500
6536,513,500,383,500,510,500,383,500,512,502,399,512,0,500
6546,513,500,383,500,510,500,383,500,512,502,399,512,0,500
6556,513,500,383,500,510,500,383,500,512,502,399,512,0,500
6566,513,500,383,500,510,500,383,500,512,502,399,512,0,500
6576,513,500,383,500,510,500,383,500,512,502,399,512,0,500
6586,513,500,383,500,510,500,383,500,512,502,399,512,0,500
6596,513,501,382,500,510,501,382,500,512,503,398,512,0,500
6606,513,501,382,500,510,501,382,500,512,503,398,512,0,500
6616,513,500,383,500,510,500,383,500,512,502,399,512,0,500
6626,513,500,383,500,510,500,383,500,512,502,399,512,0,500
6636,513,501,383,500,510,501,383,500,512,503,399,512,0,500
6646,513,501,383,500,510,501,383,500,512,503,399,512,0,500
6656,514,500,383,500,509,500,383,500,513,502,399,512,0,500
6666,514,500,383,500,509,500,383,500,513,502,399,512,0,500
6676,513,500,383,500,510,500,383,500,512,502,399,512,0,500
6686,513,500,383,500,510,500,383,500,512,502,399,512,0,500
6696,513,500,383,500,510,500,383,500,512,502,399,512,0,500
6706,513,500,383,500,510,500,383,500,512,502,399,512,0,500
6716,513,500,383,500,510,500,383,500,512,502,399,512,0,500
6726,513,500,383,500,510,500,383,500,512,502,399,512,0,500
6736,513,500,383,500,510,500,383,500,512,502,399,512,0,500
6746,513,500,383,500,510,500,383,500,512,502,399,512,0,500
6756,513,500,383,500,510,500,383,500,512,502,399,512,0,500
6766,513,500,383,500,510,500,383,500,512,502,399,512,0,500
6776,514,501,383,500,509,501,383,500,513,503,399,512,0,500
6786,514,501,383,500,509,501,383,500,513,503,399,512,0,500
6796,513,501,383,500,510,501,383,500,512,503,399,512,0,500
6806,513,501,383,500,510,501,383,500,512,503,399,512,0,500
6816,513,500,383,500,510,500,383,500,512,502,399,512,0,500
6826,513,500,383,500,510,500,383,500,512,502,399,512,0,500
6836,514,500,383,500,509,500,383,500,513,502,399,512,0,500
6846,514,500,383,500,509,500,383,500,513,502,399,512,0,500
6856,514,500,383,500,509,500,383,500,513,502,399,512,0,500
6866,514,500,383,500,509,500,383,500,513,502,399,512,0,500
6876,514,500,383,500,509,500,383,500,513,502,399,512,0,500
6886,514,500,383,500,509,500,383,500,513,502,399,512,0,500
6896,513,500,383,500,510,500,383,500,512,502,399,512,0,500
6906,513,500,383,500,510,500,383,500,512,502,399,512,0,500
6916,513,500,382,500,510,500,382,500,512,502,398,512,0,500
6926,513,500,382,500,510,500,382,500,512,502,398,512,0,500
6936,513,500,383,500,510,500,383,500,512,502,399,512,0,500
6946,513,500,383,500,510,500,383,500,512,502,399,512,0,500
6956,513,500,382,500,510,500,382,500,512,502,398,512,0,500
6966,513,500,382,500,510,500,382,500,512,502,398,512,0,500
6976,514,500,383,500,509,500,383,500,513,502,399,512,0,500
6986,514,500,383,500,509,500,383,500,513,502,399,512,0,500
6996,513,500,383,500,510,500,383,500,512,502,399,512,0,500
7006,513,500,383,500,510,500,383,500,512,502,399,512,0,500
7016,513,501,383,500,510,501,383,500,512,503,399,512,0,500
7026,513,501,383,500,510,501,383,500,512,503,399,512,0,500
7036,513,500,382,500,510,500,382,500,512,502,398,512,0,500
7046,513,500,382,500,510,500,382,500,512,502,398,512,0,500
7056,513,501,383,500,510,501,383,500,512,503,399,512,0,500
7066,513,501,383,500,510,501,383,500,512,503,399,512,0,500
7076,513,500,383,500,510,500,383,500,512,502,399,512,0,500
7086,513,500,383,500,510,500,383,500,512,502,399,512,0,500
7096,514,500,383,500,509,500,383,500,513,502,399,512,0,500
7106,514,500,383,500,509,500,383,500,513,502,399,512,0,500
7116,513,500,382,500,510,500,382,500,512,502,398,512,0,500
7126,513,500,382,500,510,500,382,500,512,502,398,512,0,500
7136,514,500,382,500,509,500,382,500,513,502,398,512,0,500
7146,514,500,382,500,509,500,382,500,513,502,398,512,0,500
7156,513,500,383,500,510,500,383,500,512,502,399,512,0,500
7166,513,500,383,500,510,500,383,500,512,502,399,512,0,500
7176,514,500,383,500,509,500,383,500,513,502,399,512,0,500
7186,514,500,383,500,509,500,383,500,513,502,399,512,0,500
7196,513,500,383,500,510,500,383,500,512,502,399,512,0,500
7206,513,500,383,500,510,500,383,500,512,502,399,512,0,500
7216,512,500,382,500,511,500,382,500,512,502,398,512,0,500
7227,512,500,382,500,511,500,382,500,512,502,398,512,0,500
7236,514,500,383,500,509,500,383,500,513,502,399,512,0,500
7246,514,500,383,500,509,500,383,500,513,502,399,512,0,500
7256,513,500,383,500,510,500,383,500,512,502,399,512,0,500
7266,513,500,383,500,510,500,383,500,512,502,399,512,0,500
7277,513,499,383,500,510,499,383,500,512,501,399,512,0,500
7286,513,499,383,500,510,499,383,500,512,501,399,512,0,500
7296,513,500,383,500,510,500,383,500,512,502,399,512,0,500
7306,513,500,383,500,510,500,383,500,512,502,399,512,0,500
7316,512,499,383,500,511,499,383,500,512,501,399,512,0,500
7326,512,499,383,500,511,499,383,500,512,501,399,512,0,500
7336,514,500,383,500,509,500,383,500,513,502,399,512,0,500
7346,514,500,383,500,509,500,383,500,513,502,399,512,0,500
7356,513,500,382,500,510,500,382,500,512,502,398,512,0,500
7366,513,500,382,500,510,500,382,500,512,502,398,512,0,500
7376,513,501,382,500,510,501,382,500,512,503,398,512,0,500
7386,513,501,382,500,510,501,382,500,512,503,398,512,0,500
7396,513,500,383,500,510,500,383,500,512,502,399,512,0,500
7406,513,500,383,500,510,500,383,500,512,502,399,512,0,500
7416,513,501,382,500,510,501,382,500,512,503,398,512,0,500
7426,513,501,382,500,510,501,382,500,512,503,398,512,0,500
7436,513,500,383,500,510,500,383,500,512,502,399,512,0,500
7446,513,500,383,500,510,500,383,500,512,502,399,512,0,500
7456,512,500,383,500,511,500,383,500,512,502,399,512,0,500
7466,512,500,383,500,511,500,383,500,512,502,399,512,0,500
7476,513,500,383,500,510,500,383,500,512,502,399,512,0,500
7486,513,500,383,500,510,500,383,500,512,502,399,512,0,500
7496,513,501,382,500,510,501,382,500,512,503,398,512,0,500
7506,513,501,382,500,510,501,382,500,512,503,398,512,0,500
7516,513,500,383,500,510,500,383,500,512,502,399,512,0,500
7526,513,500,383,500,510,500,383,500,512,502,399,512,0,500
7536,513,500,382,500,510,500,382,500,512,502,398,512,0,500
7546,513,500,382,500,510,500,382,500,512,502,398,512,0,500
7556,514,500,383,500,509,500,383,500,513,502,399,512,0,500
7566,514,500,383,500,509,500,383,500,513,502,399,512,0,500
7576,513,500,382,500,510,500,382,500,512,502,398,512,0,500
7586,513,500,382,500,510,500,382,500,512,502,398,512,0,500
7596,513,500,383,500,510,500,383,500,512,502,399,512,0,500
7606,513,500,383,500,510,500,383,500,512,502,399,512,0,500
7616,513,501,383,500,510,501,383,500,512,503,399,512,0,500
7626,513,501,383,500,510,501,383,500,512,503,399,512,0,500
7636,513,499,383,500,510,499,383,500,512,501,399,512,0,500
7646,513,499,383,500,510,499,383,500,512,501,399,512,0,500
7656,513,500,383,500,510,500,383,500,512,502,399,512,0,500
7666,513,500,383,500,510,500,383,500,512,502,399,512,0,500
7676,513,500,382,500,510,500,382,500,512,502,398,512,0,500
7686,513,500,382,500,510,500,382,500,512,502,398,512,0,500
7696,513,500,383,500,510,500,383,500,512,502,399,512,0,500
7706,513,500,383,500,510,500,383,500,512,502,399,512,0,500
7716,514,500,383,500,509,500,383,500,513,502,399,512,0,500
7726,514,500,383,500,509,500,383,500,513,502,399,512,0,500
7736,513,500,383,500,510,500,383,500,512,502,399,512,0,500
7746,513,500,383,500,510,500,383,500,512,502,399,512,0,500
7756,513,500,383,500,510,500,383,500,512,502,399,512,0,500
7766,513,500,383,500,510,500,383,500,512,502,399,512,0,500
7776,513,500,383,500,510,500,383,500,512,502,399,512,0,500
7786,513,500,383,500,510,500,383,500,512,502,399,512,0,500
7796,513,500,382,500,510,500,382,500,512,502,398,512,0,500
7806,513,500,382,500,510,500,382,500,512,502,398,512,0,500
7817,513,500,383,500,510,500,383,500,512,502,399,512,0,500
7826,513,500,383,500,510,500,383,500,512,502,399,512,0,500
7836,513,500,382,500,510,500,382,500,512,502,398,512,0,500
7846,513,500,382,500,510,500,382,500,512,502,398,512,0,500
7856,514,500,383,500,509,500,383,500,513,502,399,512,0,500
7866,514,500,383,500,509,500,383,500,513,502,399,512,0,500
7876,513,500,383,500,510,500,383,500,512,502,399,512,0,500
7886,513,500,383,500,510,500,383,500,512,502,399,512,0,500
7896,514,500,383,500,509,500,383,500,513,502,399,512,0,500
7906,514,500,383,500,509,500,383,500,513,502,399,512,0,500
7916,514,500,382,500,509,500,382,500,513,502,398,512,0,500
7926,514,500,382,500,509,500,382,500,513,502,398,512,0,500
7936,513,500,383,500,510,500,383,500,512,502,399,512,0,500
7946,513,500,383,500,510,500,383,500,512,502,399,512,0,500
7956,514,499,383,500,509,499,383,500,513,501,399,512,0,500
7966,514,499,383,500,509,499,383,500,513,501,399,512,0,500
7976,513,500,383,500,510,500,383,500,512,502,399,512,0,500
7986,513,500,383,500,510,500,383,500,512,502,399,512,0,500
7996,513,499,383,500,510,499,383,500,512,501,399,512,0,500
8006,513,499,383,500,510,499,383,500,512,501,399,512,0,500
8016,513,500,383,500,510,500,383,500,512,502,399,512,0,500
8026,513,500,383,500,510,500,383,500,512,502,399,512,0,500
8036,513,499,383,500,510,499,383,500,512,501,399,512,0,500
8046,513,499,383,500,510,499,383,500,512,501,399,512,0,500
8056,513,501,383,500,510,501,383,500,512,503,399,512,0,500
8066,513,501,383,500,510,501,383,500,512,503,399,512,0,500
8076,513,500,382,500,510,500,382,500,512,502,398,512,0,500
8087,513,500,382,500,510,500,382,500,512,502,398,512,0,500
8096,513,500,383,500,510,500,383,500,512,502,399,512,0,500
8106,513,500,383,500,510,500,383,500,512,502,399,512,0,500
8116,514,500,382,500,509,500,382,500,513,502,398,512,0,500
8126,514,500,382,500,509,500,382,500,513,502,398,512,0,500
8136,514,500,382,500,509,500,382,500,513,502,398,512,0,500
8146,514,500,382,500,509,500,382,500,513,502,398,512,0,500
8156,514,500,382,500,509,500,382,500,513,502,398,512,0,500
8166,514,500,382,500,509,500,382,500,513,502,398,512,0,500
8176,513,501,383,500,510,501,383,500,512,503,399,512,0,500
8186,513,501,383,500,510,501,383,500,512,503,399,512,0,500
8196,513,500,383,500,510,500,383,500,512,502,399,512,0,500
8206,513,500,383,500,510,500,383,500,512,502,399,512,0,500
8216,514,500,382,500,509,500,382,500,513,502,398,512,0,500
8226,514,500,382,500,509,500,382,500,513,502,398,512,0,500
8236,514,500,383,500,509,500,383,500,513,502,399,512,0,500
8246,514,500,383,500,509,500,383,500,513,502,399,512,0,500
8256,513,500,383,500,510,500,383,500,512,502,399,512,0,500
8266,513,500,383,500,510,500,383,500,512,502,399,512,0,500
8276,513,499,383,500,510,499,383,500,512,501,399,512,0,500
8286,513,499,383,500,510,499,383,500,512,501,399,512,0,500
8296,513,500,383,500,510,500,383,500,512,502,399,512,0,500
8306,513,500,383,500,510,500,383,500,512,502,399,512,0,500
8316,513,500,383,500,510,500,383,500,512,502,399,512,0,500
8326,513,500,383,500,510,500,383,500,512,502,399,512,0,500
8336,514,500,383,500,509,500,383,500,513,502,399,512,0,500
8346,514,500,383,500,509,500,383,500,513,502,399,512,0,500
8356,514,500,382,500,509,500,382,500,513,502,398,512,0,500
8366,514,500,382,500,509,500,382,500,513,502,398,512,0,500
8376,514,500,382,500,509,500,382,500,513,502,398,512,0,500
8386,514,500,382,500,509,500,382,500,513,502,398,512,0,500
8396,514,501,383,500,509,501,383,500,513,503,399,512,0,500
8406,514,501,383,500,509,501,383,500,513,503,399,512,0,500
8416,513,500,383,500,510,500,383,500,512,502,399,512,0,500
8426,513,500,383,500,510,500,383,500,512,502,399,512,0,500
8436,514,500,383,500,509,500,383,500,513,502,399,512,0,500
8446,514,500,383,500,509,500,383,500,513,502,399,512,0,500
8456,513,500,383,500,510,500,383,500,512,502,399,512,0,500
8466,513,500,383,500,510,500,383,500,512,502,399,512,0,500
8476,513,500,382,500,510,500,382,500,512,502,398,512,0,500
8486,513,500,382,500,510,500,382,500,512,502,398,512,0,500
8496,513,500,382,500,510,500,382,500,512,502,398,512,0,500
8506,513,500,382,500,510,500,382,500,512,502,398,512,0,500
8516,513,500,383,500,510,500,383,500,512,502,399,512,0,500
8526,513,500,383,500,510,500,383,500,512,502,399,512,0,500
8536,513,500,383,500,510,500,383,500,512,502,399,512,0,500
8546,513,500,383,500,510,500,383,500,512,502,399,512,0,500
8556,513,500,383,500,510,500,383,500,512,502,399,512,0,500
8566,513,500,383,500,510,500,383,500,512,502,399,512,0,500
8577,513,500,383,500,510,500,383,500,512,502,399,512,0,500
8586,513,500,383,500,510,500,383,500,512,502,399,512,0,500
8596,514,500,383,500,509,500,383,500,513,502,399,512,0,500
8606,514,500,383,500,509,500,383,500,513,502,399,512,0,500
8616,513,500,383,500,510,500,383,500,512,502,399,512,0,500
8626,513,500,383,500,510,500,383,500,512,502,399,512,0,500
8636,513,499,382,500,510,499,382,500,512,501,398,512,0,500
8646,513,499,382,500,510,499,382,500,512,501,398,512,0,500
8656,513,500,383,500,510,500,383,500,512,502,399,512,0,500
8666,513,500,383,500,510,500,383,500,512,502,399,512,0,500
8676,513,500,383,500,510,500,383,500,512,502,399,512,0,500
8686,513,500,383,500,510,500,383,500,512,502,399,512,0,500
8696,514,500,383,500,509,500,383,500,513,502,399,512,0,500
8706,514,500,383,500,509,500,383,500,513,502,399,512,0,500
8716,513,499,383,500,510,499,383,500,512,501,399,512,0,500
8726,513,499,383,500,510,499,383,500,512,501,399,512,0,500
8736,513,500,383,500,510,500,383,500,512,502,399,512,0,500
8746,513,500,383,500,510,500,383,500,512,502,399,512,0,500
8756,513,500,383,500,510,500,383,500,512,502,399,512,0,500
8766,513,500,383,500,510,500,383,500,512,502,399,512,0,500
8776,514,499,383,500,509,499,383,500,513,501,399,512,0,500
8786,514,499,383,500,509,499,383,500,513,501,399,512,0,500
8796,513,500,383,500,510,500,383,500,512,502,399,512,0,500
8806,513,500,383,500,510,500,383,500,512,502,399,512,0,500
8816,512,500,383,500,511,500,383,500,512,502,399,512,0,500
8826,512,500,383,500,511,500,383,500,512,502,399,512,0,500
8836,513,500,383,500,510,500,383,500,512,502,399,512,0,500
8847,513,500,383,500,510,500,383,500,512,502,399,512,0,500
8856,513,500,383,500,510,500,383,500,512,502,399,512,0,500
8866,513,500,383,500,510,500,383,500,512,502,399,512,0,500
8876,513,499,383,500,510,499,383,500,512,501,399,512,0,500
8886,513,499,383,500,510,499,383,500,512,501,399,512,0,500
8896,513,500,383,500,510,500,383,500,512,502,399,512,0,500
8906,513,500,383,500,510,500,383,500,512,502,399,512,0,500
8916,513,500,383,500,510,500,383,500,512,502,399,512,0,500
8926,513,500,383,500,510,500,383,500,512,502,399,512,0,500
8936,514,500,383,500,509,500,383,500,513,502,399,512,0,500
8946,514,500,383,500,509,500,383,500,513,502,399,512,0,500
8956,513,500,383,500,510,500,383,500,512,502,399,512,0,500
8966,513,500,383,500,510,500,383,500,512,502,399,512,0,500
8976,513,500,382,500,510,500,382,500,512,502,398,512,0,500
8986,513,500,382,500,510,500,382,500,512,502,398,512,0,500
8996,514,500,382,500,509,500,382,500,513,502,398,512,0,500
9006,514,500,382,500,509,500,382,500,513,502,398,512,0,500
9016,513,501,383,500,510,501,383,500,512,503,399,512,0,500
9026,513,501,383,500,510,501,383,500,512,503,399,512,0,500
9036,513,500,383,500,510,500,383,500,512,502,399,512,0,500
9046,513,500,383,500,510,500,383,500,512,502,399,512,0,500
9056,513,500,382,500,510,500,382,500,512,502,398,512,0,500
9066,513,500,382,500,510,500,382,500,512,502,398,512,0,500
9076,514,500,383,500,509,500,383,500,513,502,399,512,0,500
9086,514,500,383,500,509,500,383,500,513,502,399,512,0,500
9096,513,500,382,500,510,500,382,500,512,502,398,512,0,500
9106,513,500,382,500,510,500,382,500,512,502,398,512,0,500
9116,513,500,383,500,510,500,383,500,512,502,399,512,0,500
9126,513,500,383,500,510,500,383,500,512,502,399,512,0,500
9136,513,500,382,500,510,500,382,500,512,502,398,512,0,500
9146,513,500,382,500,510,500,382,500,512,502,398,512,0,500
9156,513,500,382,500,510,500,382,500,512,502,398,512,0,500
9166,513,500,382,500,510,500,382,500,512,502,398,512,0,500
9176,513,500,383,500,510,500,383,500,512,502,399,512,0,500
9186,513,500,383,500,510,500,383,500,512,502,399,512,0,500
9196,513,500,382,500,510,500,382,500,512,502,398,512,0,500
9206,513,500,382,500,510,500,382,500,512,502,398,512,0,500
9216,514,500,383,500,509,500,383,500,513,502,399,512,0,500
9226,514,500,383,500,509,500,383,500,513,502,399,512,0,500
9236,514,500,382,500,509,500,382,500,513,502,398,512,0,500
9246,514,500,382,500,509,500,382,500,513,502,398,512,0,500
9256,514,500,383,500,509,500,383,500,513,502,399,512,0,500
9266,514,500,383,500,509,500,383,500,513,502,399,512,0,500
9276,513,501,383,500,510,501,383,500,512,503,399,512,0,500
9286,513,501,383,500,510,501,383,500,512,503,399,512,0,500
9296,513,500,382,500,510,500,382,500,512,502,398,512,0,500
9306,513,500,382,500,510,500,382,500,512,502,398,512,0,500
9316,514,500,383,500,509,500,383,500,513,502,399,512,0,500
9326,514,500,383,500,509,500,383,500,513,502,399,512,0,500
9336,512,499,383,500,511,499,383,500,512,501,399,512,0,500
9346,512,499,383,500,511,499,383,500,512,501,399,512,0,500
9356,513,500,383,500,510,500,383,500,512,502,399,512,0,500
9366,513,500,383,500,510,500,383,500,512,502,399,512,0,500
9376,513,500,383,500,510,500,383,500,512,502,399,512,0,500
9386,513,500,383,500,510,500,383,500,512,502,399,512,0,500
9396,513,500,383,500,510,500,383,500,512,502,399,512,0,500
9406,513,500,383,500,510,500,383,500,512,502,399,512,0,500
9416,513,499,383,500,510,499,383,500,512,501,399,512,0,500
9426,513,499,383,500,510,499,383,500,512,501,399,512,0,500
9436,513,499,383,500,510,499,383,500,512,501,399,512,0,500
9446,513,499,383,500,510,499,383,500,512,501,399,512,0,500
9456,513,499,383,500,510,499,383,500,512,501,399,512,0,500
9466,513,499,383,500,510,499,383,500,512,501,399,512,0,500
9476,513,499,382,500,510,499,382,500,512,501,398,512,0,500
9486,513,499,382,500,510,499,382,500,512,501,398,512,0,500
9496,514,500,383,500,509,500,383,500,513,502,399,512,0,500
9506,514,500,383,500,509,500,383,500,513,502,399,512,0,500
9516,513,501,383,500,510,501,383,500,512,503,399,512,0,500
9526,513,501,383,500,510,501,383,500,512,503,399,512,0,500
9537,513,501,383,500,510,501,383,500,512,503,399,512,0,500
9546,513,501,383,500,510,501,383,500,512,503,399,512,0,500
9556,514,500,383,500,509,500,383,500,513,502,399,512,0,500
9566,514,500,383,500,509,500,383,500,513,502,399,512,0,500
9576,512,499,383,500,511,499,383,500,512,501,399,512,0,500
9586,512,499,383,500,511,499,383,500,512,501,399,512,0,500
9596,514,499,382,500,509,499,382,500,513,501,398,512,0,500
9606,514,499,382,500,509,499,382,500,513,501,398,512,0,500
9616,513,500,382,500,510,500,382,500,512,502,398,512,0,500
9626,513,500,382,500,510,500,382,500,512,502,398,512,0,500
9636,513,500,383,500,510,500,383,500,512,502,399,512,0,500
9646,513,500,383,500,510,500,383,500,512,502,399,512,0,500
9656,512,500,382,500,511,500,382,500,512,502,398,512,0,500
9666,512,500,382,500,511,500,382,500,512,502,398,512,0,500
9676,513,500,383,500,510,500,383,500,512,502,399,512,0,500
9686,513,500,383,500,510,500,383,500,512,502,399,512,0,500
9696,514,501,383,500,509,501,383,500,513,503,399,512,0,500
9706,514,501,383,500,509,501,383,500,513,503,399,512,0,500
9717,513,500,383,500,510,500,383,500,512,502,399,512,0,500
9726,513,500,383,500,510,500,383,500,512,502,399,512,0,500
9736,513,500,383,500,510,500,383,500,512,502,399,512,0,500
9746,513,500,383,500,510,500,383,500,512,502,399,512,0,500
9756,513,500,382,500,510,500,382,500,512,502,398,512,0,500
9766,513,500,382,500,510,500,382,500,512,502,398,512,0,500
9776,514,500,383,500,509,500,383,500,513,502,399,512,0,500
9786,514,500,383,500,509,500,383,500,513,502,399,512,0,500
9796,512,500,384,500,511,500,384,500,512,502,399,512,0,500
9806,512,500,384,500,511,500,384,500,512,502,399,512,0,500
9816,513,500,382,500,510,500,382,500,512,502,398,512,0,500
9826,513,500,382,500,510,500,382,500,512,502,398,512,0,500
9836,514,500,383,500,509,500,383,500,513,502,399,512,0,500
9846,514,500,383,500,509,500,383,500,513,502,399,512,0,500
9856,513,500,383,500,510,500,383,500,512,502,399,512,0,500
9866,513,500,383,500,510,500,383,500,512,502,399,512,0,500
9876,513,500,383,500,510,500,383,500,512,502,399,512,0,500
9886,513,500,383,500,510,500,383,500,512,502,399,512,0,500
9896,513,500,383,500,510,500,383,500,512,502,399,512,0,500
9906,513,500,383,500,510,500,383,500,512,502,399,512,0,500
9916,513,500,383,500,510,500,383,500,512,502,399,512,0,500
9926,513,500,383,500,510,500,383,500,512,502,399,512,0,500
9936,513,501,383,500,510,501,383,500,512,503,399,512,0,500
9946,513,501,383,500,510,501,383,500,512,503,399,512,0,500
9956,514,500,382,500,509,500,382,500,513,502,398,512,0,500
9966,514,500,382,500,509,500,382,500,513,502,398,512,0,500
9976,514,500,383,500,509,500,383,500,513,502,399,512,0,500
9986,514,500,383,500,509,500,383,500,513,502,399,512,0,500
9996,513,500,383,500,510,500,383,500,512,502,399,512,0,500
10006,513,500,383,500,510,500,383,500,512,502,399,512,0,500
